{
  "gpt4o_gpt4o_gpt4o": {
    "ROUGE-2": 0.12920574747961344,
    "ROUGE-L": 0.21737834505348064,
    "SARI": 39.8348161399284
  },
  "deepseek_gpt4o_gpt4o": {
    "ROUGE-2": 0.10249359414819909,
    "ROUGE-L": 0.19704305967048183,
    "SARI": 38.44927020450516
  },
  "gpt4o_gpt4o_deepseek": {
    "ROUGE-2": 0.12495814152961221,
    "ROUGE-L": 0.21518499420593873,
    "SARI": 39.62355199233514
  },
  "deepseek_gpt4o_deepseek": {
    "ROUGE-2": 0.09982102800785958,
    "ROUGE-L": 0.19348011989432082,
    "SARI": 38.403772544908115
  },
  "gpt4o_deepseek_gpt4o": {
    "ROUGE-2": 0.11310606536263584,
    "ROUGE-L": 0.20266998598908526,
    "SARI": 39.34587025087205
  },
  "deepseek_deepseek_gpt4o": {
    "ROUGE-2": 0.09541317532161746,
    "ROUGE-L": 0.19103744641780757,
    "SARI": 38.23381576586628
  },
  "gpt4o_deepseek_deepseek": {
    "ROUGE-2": 0.11005787839395864,
    "ROUGE-L": 0.2031260682043653,
    "SARI": 39.25798392918797
  },
  "deepseek_deepseek_deepseek": {
    "ROUGE-2": 0.09526661727803745,
    "ROUGE-L": 0.18994237810193787,
    "SARI": 38.20038473517959
  }
}
